camitho,f7affcec-87b1-4354-bd92-33b759ed6fae
harly,116771b5-7768-4a3b-a99b-596f1da5328d
ahri_le_fox,e2e0b31c-6c41-4eea-b099-39a85a5ec3f0
egger49,e480e72b-d142-4a5a-a8d7-abefdd147a95
almostjesus,170093d5-d08f-4a8a-8217-05b1be0c0b32
chico121212,d83af238-598e-49f0-8319-377bc262e3fb
mcn0tt3,d53f7fbc-7e97-45f0-bcbd-1c3d0c9af8da
eddomarshall,c9efa1b1-8907-4236-8918-6ec2c5f0b692
mega_stue192,b650c937-6a01-4669-b627-199119312e34
drizzlyowl,806fd64c-8d2f-45d9-b36a-7d83aa2ba140
gettoenno,641e5fc4-6c60-442e-9344-a10c14d3a00f
buuthegreat,e411fd8a-28e6-445f-bdbd-009259ee03ca
cynthia_da_panda,c062a353-e39b-492c-8937-78ca8b618500
creeperparty555,6bd9b8a4-c5b9-43c8-a3fe-ec8c957de05f
kevindabaws,b48a86c6-6394-4ae8-928e-ab1b906818b1
ilovecupcakes456,6c8b6e34-ffb2-44dc-b105-b38ffb9cbbd0
antibaff47,d7edc22f-5653-4fd4-ba26-65648ff172c4
nibbles584,5ec0e2bb-100c-4c54-a7e2-489015911ff3
rhinodude980,ac50f86b-5db6-4d00-b83d-6b76816c2d1f
beethos,9f332a62-4071-4931-9d8b-d4b912e4fc16
clarityosu,8b193e33-0c76-4d97-89c0-6d92ff37746c
jdbrault,87fb3438-989b-4d1d-9826-52164314b4bd
b3nr0x,7dc09bf4-0963-49d9-a50d-97a295eafc82
khristatilley,0b53b30a-d3d1-4d5d-b75e-d6c458c12c04
virussenpai,8c060c1d-b2e8-4b07-9889-1d86811f1d32
iveloxus,f69c9e5f-6e00-479f-b9bd-5a7a9ef7dc37
yozodude,dd1c1fc8-9da2-460d-be3e-5a12ba9c24e5
adenbagelz,f7ecb019-aaaf-449b-8ae8-4a539c914795
polarrbeer,8fe881c4-c022-4dfb-b3bf-e441dac84f88
mr_pickles1,19aa3178-102b-43b1-9ab9-8ea1c91e69db
danomanic,6364a333-8100-41bd-8777-d09f0ce79118
rhinodude,d2368a1e-cd5d-4bda-9ac6-917a045f2d89
thecodezombie,2874c37d-fe33-4dab-adf6-c887276ddbbd
psquawosaurus,78286de0-01d9-4bba-be0c-c28f147bd972
n471n,b31da66e-a821-4897-be25-c5074cae3272
salmiraeon,bcecf376-5cd3-44f9-84e7-9c3a98201d46
sneadel,3250aa4f-e7f0-4845-b5f3-5acb033afb78
stevenmm10,bb54a886-08dc-475e-b222-2367a296c4d9
ultimate_g_dawg,62e7664b-ff89-4477-a99c-807fb5d137a3
zzzole,8d50b69c-417b-49fa-a757-06c3697651a7
lreford,978551e8-fb61-4e67-bf5f-85794e4d1546
sami0407,57136a66-cabd-4e0d-bbeb-dac8fad03be1
walshyxd,4497b600-ae1e-4c4a-a331-f2e6a18feb2b
pingas,baa87386-a5b3-4a1f-9a76-152f49faadb5
turturdar,6bc3fc2b-86b3-4e03-b1cd-efe1920fe8cf
beefsoup12,199e2838-68f7-4787-8ec0-4f39ea7ddff8
maxillian,dea85777-7f2d-46f8-aa74-39de673decdb
piglygamer,3a4723be-e9b0-48de-b6c4-c630a8f2ad0b
hwsnbn,69a786e9-3a76-48d1-b5c3-6dc2a80b438a
koreyban,31f6c9c5-a4c5-4bea-be45-0ae1b2cdbf48
xxepicxx11,5c14a763-091c-4092-b91a-5ab6b124694c
fayzey,7d27ee49-cf74-45f0-b220-7cdc482bcf96
jeffthethriller,87e9e695-26f6-45ad-aff0-cf28786d2c41
dingus_khan,793d439e-6088-446f-bf2b-335be2f99db5
felmorne,9ca80a9a-e2ec-4c61-a9a3-5a98528225e8
mikehawk69,ff006b55-79cd-44bb-8f54-a88ff7b08541
lapslie,13ab7374-19c4-4e90-a6b6-780f3eba6738
potatoheadftw,3519b177-392d-4013-a04a-831c9dfe1d73
flexn,42857404-e064-4d7b-8ea0-7958680a6fdf
ghostninja38,7eb16486-7df2-4d67-a2c5-3c0594e35931
purplewalrus101,f2d8c726-a972-40d0-b62d-8fe961a60a99
n3rd09uy,d9101819-d064-410a-be01-fd84f1f16093
limpbiscuit,fe5a70ba-f915-4564-9a3d-61d757dbe2d5
thesilentpvp,2b4056e4-520d-4345-8c35-c6c5048d6d81
weme105,9e1958c3-77da-410b-94a7-80f57dce2ddb
willzee,519919fd-657d-4817-970e-9b631b061d3e
z03g0d1n,a8ca2370-6617-4546-bc02-0cdf366664a2
didntfindaname,785cba00-3af8-4ca8-9127-0f789a7d3809
sammeh10,63f7b7ad-6b23-4815-ace7-4ffdee13e99c
flowers101,fe4bb5d6-1dc5-4f49-82f1-bf1f257bd45e
sneezing1234,34ffb5fd-0ffb-428f-915b-82bcfe2ed33b
i_r_tard,f0ae569d-71cc-4784-9ed2-5c41e4904795
itzadam14,5b97bd2d-9b5c-4d75-9a11-418894ceed4b
oskis96,943bbf24-3b6a-465f-9ad7-5501f00d31f6
_guythekiller_,5f4bbf74-3ef5-4034-82ca-4c585ddb46e3
hottub99,4021e60f-10b8-41b2-9e68-b73fb91f5a15
ispeirs,e86bbb5e-80c2-4255-8e38-0120a4d1af6d
chinto30,99e1e4c6-fa31-40c3-9ac2-90287d4391a8
awildregice,4dab5a80-57cf-4de2-8923-11a9033a2fd9
lilleulle,8dd93a69-9707-472b-a8e2-5cfe51a9fd5c
skyking_caton,960738d5-ef2b-410b-a2bb-f4676c592de8
fillow123,42e16a1f-19cd-4648-81d1-6a52031a068a
imajorinmemes,b5063642-ede8-4a03-87a1-7e3aed25c47a
soapysheep,859a4413-2cee-4fc0-bcec-886846b42801
callmemeggy,11699683-d146-483f-9f48-28637ab3c43f
ptcamera,89f6e850-307d-4ea8-97e4-2de865f781e9
willyy,d0ed272e-6e40-41db-88c9-f30dca63b368
aidenmomo,097586fc-29a9-449d-98ef-5f6d23e466ce
raexben,2d713c8f-908e-458c-8717-5e1e2a4d4317
_areyousirius,53bcaeb2-86dc-4ca2-987e-0219fdda6922
ultimateblock189,25f5f2d7-ecf9-4ee6-81d4-a89feb23285a
spinalcord10,a8bbe8f8-88e9-4bf4-960d-8b22b4894a88
upularpvp,18226df4-c283-4296-85b1-650e381d1695
aolong,487d3f57-3c65-4c0f-ae04-f29e287e6a1d
